{
  "10": {
    "CPU CSR": 0.0215235731,
    "GPU BCSR (column major, thread per row)": 0.0003589232117519714,
    "GPU BCSR (row major, thread per row)": 0.0003523440012941137,
    "GPU BSR (cuSPARSE, column major)": 0.0009714400017401204,
    "GPU BSR (cuSPARSE, row major)": 0.000959564809454605,
    "GPU CSR": 0.001806929614394903,
    "GPU CSR-Vector": 0.0007104735908797011,
    "GPU Merge SpMV": 0.0007006975938566029
  },
  "11": {
    "CPU CSR": 0.027164830049999998,
    "GPU BCSR (column major, thread per row)": 0.00045198559819255025,
    "GPU BCSR (row major, thread per row)": 0.00042314720631111415,
    "GPU BSR (cuSPARSE, column major)": 0.0009776080085430294,
    "GPU BSR (cuSPARSE, row major)": 0.0009660079987952486,
    "GPU CSR": 0.0021431792178191245,
    "GPU CSR-Vector": 0.0008390016009798273,
    "GPU Merge SpMV": 0.0008339696010807529
  },
  "12": {
    "CPU CSR": 0.03204950205,
    "GPU BCSR (column major, thread per row)": 0.0004910223971819506,
    "GPU BCSR (row major, thread per row)": 0.0004916896039503626,
    "GPU BSR (cuSPARSE, column major)": 0.0009929679974447936,
    "GPU BSR (cuSPARSE, row major)": 0.0009816720092203468,
    "GPU CSR": 0.002163272025063634,
    "GPU CSR-Vector": 0.000941735997912474,
    "GPU Merge SpMV": 0.0009796303987968714
  },
  "13": {
    "CPU CSR": 0.04026227289999999,
    "GPU BCSR (column major, thread per row)": 0.0005735615995945409,
    "GPU BCSR (row major, thread per row)": 0.0005910992011195048,
    "GPU BSR (cuSPARSE, column major)": 0.001015096003538929,
    "GPU BSR (cuSPARSE, row major)": 0.0010035151994088666,
    "GPU CSR": 0.0034416432259604334,
    "GPU CSR-Vector": 0.0011129696038551628,
    "GPU Merge SpMV": 0.0011421808041632176
  },
  "14": {
    "CPU CSR": 0.046306746899999994,
    "GPU BCSR (column major, thread per row)": 0.0006843776180176064,
    "GPU BCSR (row major, thread per row)": 0.0006844848074251785,
    "GPU BSR (cuSPARSE, column major)": 0.0010302127979230137,
    "GPU BSR (cuSPARSE, row major)": 0.001019260796601884,
    "GPU CSR": 0.004189889552071691,
    "GPU CSR-Vector": 0.0012460479920264333,
    "GPU Merge SpMV": 0.001317611214471981
  },
  "15": {
    "CPU CSR": 0.05332454955,
    "GPU BCSR (column major, thread per row)": 0.0008124847983708606,
    "GPU BCSR (row major, thread per row)": 0.0008986800094135106,
    "GPU BSR (cuSPARSE, column major)": 0.0010707919835112989,
    "GPU BSR (cuSPARSE, row major)": 0.0010604752169456333,
    "GPU CSR": 0.005163041618652641,
    "GPU CSR-Vector": 0.0014346447889693082,
    "GPU Merge SpMV": 0.0015014880045782775
  },
  "16": {
    "CPU CSR": 0.0644398536,
    "GPU BCSR (column major, thread per row)": 0.0008294208120787517,
    "GPU BCSR (row major, thread per row)": 0.0010101232037413865,
    "GPU BSR (cuSPARSE, column major)": 0.001074452797183767,
    "GPU BSR (cuSPARSE, row major)": 0.0010638368083164095,
    "GPU CSR": 0.0039091728278435765,
    "GPU CSR-Vector": 0.001552428799914196,
    "GPU Merge SpMV": 0.0016867199970874935
  },
  "17": {
    "CPU CSR": 0.07440743335000001,
    "GPU BCSR (column major, thread per row)": 0.0009537183970678598,
    "GPU BCSR (row major, thread per row)": 0.0010400127910543233,
    "GPU BSR (cuSPARSE, column major)": 0.003490771178621799,
    "GPU BSR (cuSPARSE, row major)": 0.0033523296238854527,
    "GPU CSR": 0.007508105621673167,
    "GPU CSR-Vector": 0.0017850128177087754,
    "GPU Merge SpMV": 0.0019107120111584663
  },
  "18": {
    "CPU CSR": 0.08316126405,
    "GPU BCSR (column major, thread per row)": 0.001057273626793176,
    "GPU BCSR (row major, thread per row)": 0.0012669728021137416,
    "GPU BSR (cuSPARSE, column major)": 0.0036056911922059953,
    "GPU BSR (cuSPARSE, row major)": 0.003469136019703001,
    "GPU CSR": 0.008937161602079868,
    "GPU CSR-Vector": 0.0020394367980770766,
    "GPU Merge SpMV": 0.0021407279884442685
  },
  "19": {
    "CPU CSR": 0.09199513735000002,
    "GPU BCSR (column major, thread per row)": 0.001177056017331779,
    "GPU BCSR (row major, thread per row)": 0.00153837600373663,
    "GPU BSR (cuSPARSE, column major)": 0.003727103990968317,
    "GPU BSR (cuSPARSE, row major)": 0.003601097548380494,
    "GPU CSR": 0.009694031858816742,
    "GPU CSR-Vector": 0.0021835359861142934,
    "GPU Merge SpMV": 0.0023783135693520308
  },
  "2": {
    "CPU CSR": 0.00078948125,
    "GPU BCSR (column major, thread per row)": 2.9476800227712376e-05,
    "GPU BCSR (row major, thread per row)": 2.7953600238106446e-05,
    "GPU BSR (cuSPARSE, column major)": 3.19135995596298e-05,
    "GPU BSR (cuSPARSE, row major)": 3.387199994904222e-05,
    "GPU CSR": 3.69072002285975e-05,
    "GPU CSR-Vector": 8.859520057740156e-05,
    "GPU Merge SpMV": 5.517759964277502e-05
  },
  "20": {
    "CPU CSR": 0.10312311689999998,
    "GPU BCSR (column major, thread per row)": 0.0012984096072614193,
    "GPU BCSR (row major, thread per row)": 0.0016219791839830577,
    "GPU BSR (cuSPARSE, column major)": 0.003835079970303923,
    "GPU BSR (cuSPARSE, row major)": 0.003579987189732492,
    "GPU CSR": 0.009892832022160292,
    "GPU CSR-Vector": 0.0023817823850549756,
    "GPU Merge SpMV": 0.002622275205794722
  },
  "21": {
    "CPU CSR": 0.1134690781,
    "GPU BCSR (column major, thread per row)": 0.0014288815960753708,
    "GPU BCSR (row major, thread per row)": 0.0020809728186577557,
    "GPU BSR (cuSPARSE, column major)": 0.003940948774106801,
    "GPU BSR (cuSPARSE, row major)": 0.0037144863861612977,
    "GPU CSR": 0.013368297647684813,
    "GPU CSR-Vector": 0.002607649634592235,
    "GPU Merge SpMV": 0.002872787183150649
  },
  "22": {
    "CPU CSR": 0.12502673265000003,
    "GPU BCSR (column major, thread per row)": 0.0015580303792376072,
    "GPU BCSR (row major, thread per row)": 0.002461321570444852,
    "GPU BSR (cuSPARSE, column major)": 0.004059073620010167,
    "GPU BSR (cuSPARSE, row major)": 0.00373434720095247,
    "GPU CSR": 0.014409886579960585,
    "GPU CSR-Vector": 0.002881769626401365,
    "GPU Merge SpMV": 0.003139400016516447
  },
  "23": {
    "CPU CSR": 0.13770843584999998,
    "GPU BCSR (column major, thread per row)": 0.0016970816010143607,
    "GPU BCSR (row major, thread per row)": 0.003115833643823862,
    "GPU BSR (cuSPARSE, column major)": 0.004170665540732444,
    "GPU BSR (cuSPARSE, row major)": 0.003827147209085524,
    "GPU CSR": 0.017910374328494072,
    "GPU CSR-Vector": 0.003088798385579139,
    "GPU Merge SpMV": 0.0034212656086310745
  },
  "24": {
    "CPU CSR": 0.14990950435,
    "GPU BCSR (column major, thread per row)": 0.0019244336290284991,
    "GPU BCSR (row major, thread per row)": 0.002978432003874332,
    "GPU BSR (cuSPARSE, column major)": 0.004273294378072024,
    "GPU BSR (cuSPARSE, row major)": 0.00422016317024827,
    "GPU CSR": 0.00927865426056087,
    "GPU CSR-Vector": 0.003365759993903339,
    "GPU Merge SpMV": 0.0037379120010882618
  },
  "25": {
    "CPU CSR": 0.16196490574999997,
    "GPU BCSR (column major, thread per row)": 0.0020463328051846474,
    "GPU BCSR (row major, thread per row)": 0.0037014847970567645,
    "GPU BSR (cuSPARSE, column major)": 0.0044485135469585655,
    "GPU BSR (cuSPARSE, row major)": 0.004156948812305927,
    "GPU CSR": 0.02192952632904053,
    "GPU CSR-Vector": 0.003625068790279329,
    "GPU Merge SpMV": 0.00401795522775501
  },
  "26": {
    "CPU CSR": 0.17611390784999997,
    "GPU BCSR (column major, thread per row)": 0.0021684064180590213,
    "GPU BCSR (row major, thread per row)": 0.0042010896606370805,
    "GPU BSR (cuSPARSE, column major)": 0.004538297560065985,
    "GPU BSR (cuSPARSE, row major)": 0.004406843171454966,
    "GPU CSR": 0.02275475496426225,
    "GPU CSR-Vector": 0.003912696032784879,
    "GPU Merge SpMV": 0.0043241663603112105
  },
  "27": {
    "CPU CSR": 0.19041786835,
    "GPU BCSR (column major, thread per row)": 0.0025525856181047857,
    "GPU BCSR (row major, thread per row)": 0.006395744020119309,