{
  "16": {
    "CPU CSR": 0.06395345444999997,
    "GPU BCSR (column major, column-by-column)": 0.0016465495864395052,
    "GPU BCSR (column major, column-by-column, int fastdiv)": 0.0016275544126983731,
    "GPU BCSR (column major, column-by-column, int po2)": 0.001523845607880503,
    "GPU BCSR (column major, column-by-column, template)": 0.0008651767959236168,
    "GPU BCSR (column major, thread per row)": 0.0008103872067295014,
    "GPU BCSR (column major, thread per row, coal x)": 0.0007997639826498925,
    "GPU BCSR (column major, thread per row, coal x, template)": 0.0008005919880815782,
    "GPU BCSR (column major, thread per row, template)": 0.0008100384060526266,
    "GPU BCSR (row major, thread per row)": 0.0009704792057164014,
    "GPU BCSR (row major, warp per row)": 0.0010327928117476403,
    "GPU BSR (cuSPARSE, column major)": 0.0010387007961981,
    "GPU BSR (cuSPARSE, row major)": 0.0010286888049449773,
    "GPU CSR": 0.0038590768002904952,
    "GPU CSR-Vector": 0.0015509631979512052
  },
  "2": {
    "CPU CSR": 0.00076416925,
    "GPU BCSR (column major, column-by-column)": 9.762799982127035e-05,
    "GPU BCSR (column major, column-by-column, int fastdiv)": 9.788240131456405e-05,
    "GPU BCSR (column major, column-by-column, int po2)": 9.592399983375799e-05,
    "GPU BCSR (column major, column-by-column, template)": 9.226799975294852e-05,
    "GPU BCSR (column major, thread per row)": 2.8623199932553688e-05,
    "GPU BCSR (column major, thread per row, coal x)": 2.542959996389982e-05,
    "GPU BCSR (column major, thread per row, coal x, template)": 2.3302399949898244e-05,
    "GPU BCSR (column major, thread per row, template)": 2.408880009170389e-05,
    "GPU BCSR (row major, thread per row)": 2.6887200147029943e-05,
    "GPU BCSR (row major, warp per row)": 9.041280045494205e-05,
    "GPU BSR (cuSPARSE, column major)": 3.120239989584661e-05,
    "GPU BSR (cuSPARSE, row major)": 3.1867999996393334e-05,
    "GPU CSR": 3.7435200465552046e-05,
    "GPU CSR-Vector": 8.74063993251184e-05
  },
  "32": {
    "CPU CSR": 0.26734979117499996,
    "GPU BCSR (column major, column-by-column)": 0.006222349614836276,
    "GPU BCSR (column major, column-by-column, int fastdiv)": 0.006173010391648859,
    "GPU BCSR (column major, column-by-column, int po2)": 0.0062176232459023595,
    "GPU BCSR (column major, column-by-column, template)": 0.0032811112236231566,
    "GPU BCSR (column major, thread per row)": 0.003095921647036448,
    "GPU BCSR (column major, thread per row, coal x)": 0.0031022079929243773,
    "GPU BCSR (column major, thread per row, coal x, template)": 0.0031098360079340635,
    "GPU BCSR (column major, thread per row, template)": 0.003097922424785793,
    "GPU BCSR (row major, thread per row)": 0.007520309626124799,
    "GPU BCSR (row major, warp per row)": 0.003125111974077299,
    "GPU BSR (cuSPARSE, column major)": 0.0045958479982800785,
    "GPU BSR (cuSPARSE, row major)": 0.004792063194327056,
    "GPU CSR": 0.01911547761410475,
    "GPU CSR-Vector": 0.005907685577403754
  },
  "4": {
    "CPU CSR": 0.003294295274999999,
    "GPU BCSR (column major, column-by-column)": 0.00015330400201492013,
    "GPU BCSR (column major, column-by-column, int fastdiv)": 0.00015065120278450194,
    "GPU BCSR (column major, column-by-column, int po2)": 0.00014648880023742094,
    "GPU BCSR (column major, column-by-column, template)": 0.00012038479981129058,
    "GPU BCSR (column major, thread per row)": 6.69055994876544e-05,
    "GPU BCSR (column major, thread per row, coal x)": 6.786720023228554e-05,
    "GPU BCSR (column major, thread per row, coal x, template)": 6.593440011783968e-05,
    "GPU BCSR (column major, thread per row, template)": 6.464079888246488e-05,
    "GPU BCSR (row major, thread per row)": 6.630879925069166e-05,
    "GPU BCSR (row major, warp per row)": 0.0001781208011379931,
    "GPU BSR (cuSPARSE, column major)": 7.690640049986541e-05,
    "GPU BSR (cuSPARSE, row major)": 7.672480023757089e-05,
    "GPU CSR": 0.00016574959809076973,
    "GPU CSR-Vector": 0.00018549600245023611
  },
  "8": {
    "CPU CSR": 0.013112683849999997,
    "GPU BCSR (column major, column-by-column)": 0.0003991808036516886,
    "GPU BCSR (column major, column-by-column, int fastdiv)": 0.0003877687959175091,
    "GPU BCSR (column major, column-by-column, int po2)": 0.0003755735990125686,
    "GPU BCSR (column major, column-by-column, template)": 0.00022715360064466948,
    "GPU BCSR (column major, thread per row)": 0.0002212383995356504,
    "GPU BCSR (column major, thread per row, coal x)": 0.0002170247978938278,
    "GPU BCSR (column major, thread per row, coal x, template)": 0.00021737999959441366,
    "GPU BCSR (column major, thread per row, template)": 0.00021955599950160832,
    "GPU BCSR (row major, thread per row)": 0.0002191856001445558,
    "GPU BCSR (row major, warp per row)": 0.00046949200113886034,
    "GPU BSR (cuSPARSE, column major)": 0.00026789760231622496,
    "GPU BSR (cuSPARSE, row major)": 0.0002669608024007175,
    "GPU CSR": 0.0007385736040305346,
    "GPU CSR-Vector": 0.0005251191949355416
  }
}
